code,div12_aud,ordinary_aud,franking,note,source
ALX,0.400,,0%,,"ASX Appendix 3A.1 notices, Oct 2025 to Sep 2026"
HDN,0.086,,0%,,"ASX Appendix 3A.1 notices, Oct 2025 to Sep 2026"
CLW,0.255,,0%,,"ASX Appendix 3A.1 notices, Oct 2025 to Sep 2026"
DXS,0.370,,0%,,"ASX Appendix 3A.1 notices, Oct 2025 to Sep 2026"
AZJ,0.230,,90%,,"ASX Appendix 3A.1 notices, Oct 2025 to Sep 2026"
PMV,0.950,,100%,,"ASX Appendix 3A.1 notices, Oct 2025 to Sep 2026"
MFG,0.650,,100%,,"ASX Appendix 3A.1 notices, Oct 2025 to Sep 2026"
HVN,0.290,,100%,,"ASX Appendix 3A.1 notices, Oct 2025 to Sep 2026"
AGL,0.500,,100%,,"ASX Appendix 3A.1 notices, Oct 2025 to Sep 2026"
FMG,1.080,,100%,30 Sep 2026 close (A$16.44) not confirmed on ASX price history.,"ASX Appendix 3A.1 notices, Oct 2025 to Sep 2026"
NHC,0.400,,100%,Dividends cut from A$0.56 the year before.,"3A.1 03072848, 03139481"
BSL,3.000,1.300,0%,Includes A$1.70 of special dividends (A$1.00 ex 20 Jan 2026; A$0.70 ex 8 Sep 2026); ordinary A$1.30.,"3A.1 03049629, 03060315, 03125498"
A2M,0.5177,0.1723,100%,Declared in NZ$; Yahoo showed 85% (net of NZ withholding). Includes a special of A$0.3454.,"3A.1 03075995, 03115383, 03143011"
SPK,0.1432,0.1316,0%,Declared in NZ$; Yahoo showed 85% (net of NZ withholding).,"3A.1 03075777, 03140590"
