code,company,sector,market_cap,months,r1,r3,r5,cagr5,vol,max_drawdown,years_up,price,div12,yield,yield_ordinary,franking,div_cut,checked,restricted
BHP,Bhp Group Ltd,Materials,1139285591.8,82,0.48900898928725156,0.5750654062796154,1.4700122357303775,0.19822898505448805,0.24822312161743576,-0.21509823014812368,4,60.81999969482422,2.418356,0.0397625125309858,,,False,,False
CBA,Commonwealth Bank Of Australia,Financials,903430177.76,82,-0.06762429198650399,0.6625992033742567,0.7310293849877851,0.11599150325115248,0.23116380628794359,-0.1790779444637216,3,151.00999450683594,5.050000000000001,0.033441495157271836,,,False,,True
NAB,National Australia Bank,Financials,429771609.6,82,-0.07585857516215566,0.5496893769835083,0.7925610276573594,0.12381491079985141,0.2190245382912681,-0.22195296576766244,4,39.150001525878906,1.7,0.043422731385496044,,,False,,True
WBC,Westpac Banking Corporation,Financials,420451449.6,82,-0.06419094784386237,0.9337671311395237,0.7585577568847781,0.11951863569095034,0.22091881361326096,-0.21038013880023365,3,35.06999969482422,1.54,0.04391217603082215,,,False,,True
ANZ,Anz Group Holdings Ltd,Financials,410912277.6,82,0.20595835642172222,0.7631273076035474,0.8186265885896529,0.12706433534109918,0.16979103236606344,-0.17974183560340595,4,38.310001373291016,1.66,0.04333072149554449,,,False,,True
CSL,Csl,Health Care,312910694.16,82,-0.04631264421676695,-0.22098947607094865,-0.31763629083909706,-0.07359010684459855,0.3173349487039527,-0.6754880663171028,1,184.22000122070312,4.053596,0.02200410364314147,,,False,,False
WES,Wesfarmers,Consumer Discretionary,310989796.6,82,-0.14412316875613584,0.572491754203704,0.6604340608193129,0.10673673843841192,0.21988313713713897,-0.2818209680949312,3,76.61000061035156,2.2199999999999998,0.02897793998581476,,,False,,False
MQG,Macquarie Group Ltd Def,Financials,304943261.08,82,0.15795595241214944,0.6174783103156751,0.6084322871010559,0.09971603225060255,0.2323083461036359,-0.24767398141469066,3,246.10000610351562,7.0,0.028443721358770022,,,False,,True
RIO,Rio Tinto,Materials,222582226.44,82,0.4230254928853434,0.7019459647070894,1.2328161763145133,0.1742771063346431,0.23195391112654143,-0.22970755086222672,4,166.92999267578125,6.634893,0.0397465601815881,,,False,,False
WDS,Woodside Energy Group Ltd,Energy,214997296.5,82,0.4579585754970199,0.053961889565649956,0.9515171038391794,0.14307433124836977,0.2675637919010756,-0.3776879973581758,3,31.8799991607666,1.630004,0.05112936144634466,,,False,,False
TLS,Telstra Group,Communication,191959704.0,82,0.04589077256207941,0.4310453782614341,0.5235742199221671,0.08785928561526468,0.11708663735914918,-0.16932847690531716,5,4.829999923706055,0.21,0.04347826155634122,,,False,,False
GMG,Goodman Group Units,Real Estate,191825399.22,82,-0.16292298384017578,0.3034369766869227,0.32843777247257555,0.058444871943100773,0.29773932696328376,-0.3997873173201467,2,27.18000030517578,0.3,0.011037527469890137,,,False,,False
WOW,Woolworths Group Ltd,Consumer Staples,167624205.84,82,0.5057139145833454,0.1560651925212495,0.15645875333932202,0.029499238077330903,0.1858906058420223,-0.2678777378153132,2,39.20000076293945,0.97,0.024744897477580137,,,False,,False
TCL,Transurban Group Stapled Units,Industrials,146059588.8,82,0.005470970526749497,0.20169050272859557,0.1559525350880735,0.029409093474052073,0.16468892640083357,-0.19396371858341177,4,13.239999771118164,0.69,0.05211480452629397,,,False,,False
QBE,Qbe Insurance Group,Financials,128944381.72,82,0.19471795816769122,0.708997825757369,1.4322759496702613,0.19454514934485556,0.18200008380089056,-0.16503193167349328,5,23.360000610351562,1.11,0.04751712204614086,,,False,,True
ALL,Aristocrat Leisure,Consumer Discretionary,127838007.0,82,-0.13369617891147878,0.5286583560517009,0.3744780567113186,0.06568183267911087,0.2492312426434144,-0.3907543934781247,3,59.52000045776367,0.99,0.016633064388205433,,,False,,False
NST,Northern Star Resources Ltd,Materials,125996701.72,82,0.06610848983998041,1.5598940767253828,2.308391602468133,0.2703499708629611,0.40003795087561206,-0.373699451827172,4,24.770000457763672,0.55,0.022204278959858208,,,False,,False
COL,Coles Group Ltd,Consumer Staples,110330380.16,82,0.03898243012783764,0.6690311358916698,0.6472403635063901,0.10497231035014254,0.1644132669284982,-0.1554368824323329,4,23.360000610351562,0.78,0.033390410086477355,,,False,,False
STO,Santos,Energy,99577407.72,82,0.3339718312187241,0.27302068239167565,0.5218572645050383,0.08761398763234607,0.23353472810745857,-0.21065265186976379,4,8.619999885559082,0.30755299999999997,0.035679002793867494,,,False,,False
EVN,Evolution Mining,Materials,95889800.0,82,0.2649313009477796,3.352071436388237,3.2403026691040937,0.3349941771853133,0.46920946863079965,-0.528117669257409,4,13.350000381469727,0.41000000000000003,0.03071160960932215,,,False,,False
FMG,Fortescue Ltd,Materials,95566811.95,82,-0.06913099294587655,-0.03292465260979105,0.6597081274294112,0.10663994956759071,0.33043798199521707,-0.4235209237476313,3,16.440000534057617,1.08,0.06569342852286643,0.06569342852286643,100%,False,True,False
BXB,Brambles,Industrials,91784262.24,82,-0.18769051459935937,0.4911863300636794,1.100316511711549,0.1599972224166304,0.23913403126003704,-0.34422423727843754,4,19.520000457763672,0.6556,0.03358606478614342,,,False,,False
S32,South32,Materials,80536700.0,82,0.8980110445555318,0.6080289698881427,0.7345299743520883,0.11644250330517592,0.36732747988862646,-0.38682350059464343,3,5.059999942779541,0.130608,0.025811857999400466,,,False,,False
CPU,Computershare Ltd,Industrials,77940485.04,82,0.16138511223418694,0.711369844129248,1.5691031139982798,0.2076923271735338,0.23329538600902713,-0.306214807936401,5,40.75,1.2000000000000002,0.0294478527607362,,,False,,False
SUN,Suncorp Group,Financials,71396526.6,82,0.02898677633058311,0.4066417206818176,0.6950248173887337,0.1113099742301249,0.20190115487703125,-0.36067182654865304,4,19.969999313354492,0.79,0.039559340368715244,,,True,,True
ORG,Origin Energy,Utilities,68096827.98,82,-0.0756610865540196,0.47085323014733493,1.9974268972353495,0.2455171733489394,0.2710758468395247,-0.22437822973279486,4,10.979999542236328,0.6,0.05464481102134875,,,False,,False
IAG,Insurance Australia Group,Financials,66474002.22,82,0.01104896427116997,0.5753121933009113,0.915391714441069,0.13881065243700208,0.1891474663613391,-0.23553535766515188,4,7.940000057220459,0.32,0.0403022667120763,,,False,,True
RMD,Resmed Cdi,Health Care,65376402.3,82,-0.21476832552865954,0.3821585167709052,-0.11465486032580297,-0.024061341394374214,0.2522508098920687,-0.40857453704896673,2,31.979999542236328,0.35367420000000005,0.011059230927533277,,,False,,False
SCG,Scentre Group,Real Estate,64317658.72,82,-0.10096790671517086,0.6468509553657098,0.5115413608116901,0.08613549594129277,0.2226281738924557,-0.19124469034445835,3,3.5,0.1812,0.05177142857142857,,,False,,False
SOL,Washington H Soul Pattinson & Comp,Financials,58363961.06,82,0.2547609268957267,0.5878266174085192,0.39936235110814544,0.06951292427339162,0.19433577876679947,-0.38348086997439346,4,47.7599983215332,0.48,0.01005025160948521,,,True,,False
SIG,Sigma Healthcare,Health Care,54706341.36,82,-0.11497884812508996,2.9719563515212966,3.6059768218168156,0.3572640612362974,0.4213079487415353,-0.274192647394903,4,2.5899999141693115,0.04,0.015444015955818735,,,False,,False
APA,Apa Group Units,Utilities,50281756.82,82,0.2668224983867795,0.5607543488453068,0.6438277692519265,0.1045140953935566,0.18394528056341905,-0.32546857119851913,3,10.609999656677246,0.5800000000000001,0.054665411759460866,,,False,,False
BSL,Bluescope Steel,Materials,48488714.91,82,0.4779930823543712,0.8165389570065271,0.8181281947987493,0.1270025542744213,0.2983435284251746,-0.2605746415508752,4,30.43000030517578,3.0,0.09858691981313374,0.04272099858569129,0%,False,True,False
QAN,Qantas Airways,Industrials,48187711.94,82,-0.12387882779118486,0.9438274761173933,0.7758423544623205,0.12171074995446718,0.259975562782495,-0.26165420114620697,3,9.140000343322754,0.396,0.04332603775986711,,,True,,False
MPL,Medibank Private,Financials,44987592.65,82,-0.0005436289574537456,0.52058007411242,0.5819340156708557,0.09606843997377035,0.1761518920904393,-0.22704322500784646,4,4.619999885559082,0.192,0.041558442587875825,,,False,,True
PLS,Pls Group Ltd,Materials,44921045.32,82,0.5458505689804469,-0.09405974500516201,1.0102487839184198,0.14987322538307946,0.5754125987015342,-0.7422850794995768,2,3.859999895095825,0.05,0.012953368227684562,,,False,,False
NEM,Newmont Corporation Cdi,Materials,44102411.64,34,0.30437655417660103,,,,0.3846175496013966,-0.2428382870392891,2,167.4499969482422,1.480831,0.00884342207816054,,,False,,False
LYC,Lynas Rare Earths,Materials,43550242.6,82,-0.17727540969135103,1.0368188514586931,1.0611028085068885,0.15563298948616344,0.4424753139618421,-0.47118959700879526,3,13.829999923706055,0,0.0,,,False,,False
JHX,James Hardie Industries Cdi Plc,Materials,41283044.04,82,0.292378953494588,-0.11032115467021242,-0.26669054193887354,-0.06015235552910814,0.39869826715305967,-0.5763674708179687,3,36.290000915527344,0,0.0,,,False,,False
ASX,Asx Ltd,Financials,40935909.3,82,0.037796171760042574,0.1375797449258549,-0.14170281413200758,-0.030098708301424026,0.23423894244845442,-0.4202762928301734,2,58.59000015258789,2.065,0.03524492224990701,,,False,,False
ORI,Orica,Materials,38759287.87,82,0.13932203656728626,0.6322209474615856,0.930222552858962,0.1405687730645817,0.2201939401864313,-0.22006221178533159,4,23.459999084472656,0.605,0.025788577306485407,,,False,,False
ALQ,Als,Industrials,38429691.84,82,0.06718454423360476,0.9545723156916965,0.8749709485464667,0.13396306365099941,0.2635896892145401,-0.2338543491524907,4,20.850000381469727,0.42500000000000004,0.020383692672625343,,,False,,False
TLC,The Lottery Corporation Ltd,Consumer Discretionary,38196611.94,51,-0.14535163566886822,0.13992708711541613,,,0.15573577918712017,-0.14535163566886822,3,4.869999885559082,0.165,0.033880904286932606,,,False,,False
SFR,Sandfire Resources,Materials,37602481.91,82,0.5563206282626862,2.6053079517243405,3.1177301950226193,0.3271853447506037,0.39821858776614943,-0.47776903529909376,4,21.8700008392334,0.35,0.01600365736484665,,,False,,False
SGP,Stockland Stapled Units Ltd,Real Estate,37102725.25,82,-0.25682094521372867,0.28746257606038705,0.2864826751170897,0.05167315533211392,0.22117701139748253,-0.34808039662419665,3,4.309999942779541,0.252,0.0584686782704419,0.0584686782704419,0%,False,True,False
RHC,Ramsay Health Care,Health Care,37069616.15,82,0.78827766188365,0.13922865264049467,-0.1279999875737332,-0.02702137790663872,0.2954570141250608,-0.5846733514665374,1,55.68000030517578,0.9099999999999999,0.016343390715021423,,,False,,False
ALD,Ampol,Energy,37028160.72,82,0.5696858123243396,0.5088230298087351,1.068055650590356,0.15641161281845495,0.2473199194490245,-0.3981571501408596,3,44.099998474121094,2.45,0.055555557477801665,,,False,,False
XRO,Xero,Information Technology,34370282.1,82,-0.6386031862289187,-0.4937294493067348,-0.5905036102953575,-0.16353068214045674,0.3627063192223465,-0.6911389644440975,3,56.91999816894531,0,0.0,,,False,,False
SHL,Sonic Healthcare,Health Care,33412064.98,82,-0.06716195142682713,-0.27283393891375896,-0.43272369436293245,-0.10719024086546469,0.21786548569140443,-0.5078561132979051,1,18.989999771118164,1.08,0.05687203860015675,,,False,,False
MIN,Mineral Resources,Materials,32950534.3,82,0.28797830165702987,-0.21415329099118485,0.2340673091284362,0.0429602811025116,0.5203671070384542,-0.7622459896294387,3,52.290000915527344,0.83,0.015873015595100785,,,False,,False
VCX,Vicinity Centres,Real Estate,32848870.72,82,-0.01661409421276483,0.6258221145519234,0.8550972807712032,0.1315489286321092,0.20166152968914963,-0.1645561152543643,4,2.359999895095825,0.124,0.05254237521691293,,,False,,False
PME,Pro Medicus,Health Care,31692243.08,82,-0.4656884887972086,0.9855266196585537,2.0587980876142815,0.25057620786761814,0.4905050947530872,-0.6354586846407909,3,163.9199981689453,0.69,0.004209370471617786,,,False,,False
TNE,Technology One,Information Technology,31555944.0,82,-0.23730912233420265,0.929152954317142,1.69954206898906,0.2197140315613424,0.3114035703173584,-0.3805534492122109,3,28.959999084472656,0.38,0.013121547376144179,,,False,,False
CHC,Charter Hall Group Stapled Units,Real Estate,31534664.07,82,-0.15335296498975604,1.1676755411449244,0.27934513738854405,0.05050359882670463,0.35025109667394017,-0.5549564733027215,2,18.860000610351562,0.5067,0.02686638301177419,,,False,,False
GPT,Gpt Group Stapled Units,Real Estate,31085359.84,82,-0.10900964277310765,0.36430318753340396,0.1684658089410329,0.03162819170292708,0.22341534299232105,-0.25806233822634495,3,4.570000171661377,0.2425,0.053063455337210984,,,False,,False
COH,Cochlear,Health Care,30602533.5,82,-0.48885115005236557,-0.42469477568669967,-0.31487935607644957,-0.07284272419294258,0.35642871237216117,-0.7202689484579421,3,139.58999633789062,3.45,0.024715238129593132,,,False,,False
LNW,Light & Wonder Inc. Cdi,Consumer Discretionary,30522361.14,39,-0.1531163110735566,-0.019732134682791558,,,0.4260966808076287,-0.3789640973089494,1,109.79000091552734,0,0.0,,,False,,False
CAR,Car Group,Communication,30169213.82,82,-0.3704075993918545,-0.13562641517193286,0.03115863149112874,0.006155478566900907,0.27756767953604566,-0.42966168704227814,3,22.3700008392334,0.86,0.038444343662772586,,,False,,False
GMD,Genesis Minerals,Materials,30040358.42,82,0.23174985039425366,4.238271565696926,4.477659662337324,0.4051380977438588,0.4719615136948211,-0.39393936419887576,4,7.210000038146973,0.05,0.006934812723364479,,,False,,False
CDA,Codan,Information Technology,29915558.75,82,1.256588927167185,7.7031841158898775,4.75337339238088,0.4190069158902119,0.5411604633099303,-0.685296036628082,4,65.83000183105469,0.485,0.007367461438702342,,,False,,False
PRU,Perseus Mining Ltd,Materials,29874380.58,82,0.3496944714400676,3.192687378876877,4.14888336315503,0.38785025899381576,0.39493753655765956,-0.3067226572123217,5,6.46999979019165,0.14,0.02163833145902668,,,False,,False
AMC,Amcor Cdi Plc,Materials,28538015.56,82,0.05844966579705635,0.014567160241984123,-0.04514633164987891,-0.009196882990946231,0.1963317537662804,-0.30754259829977837,3,61.27000045776367,3.749,0.06118818299314955,0.06118818299314955,0%,False,True,False
NXT,Nextdc,Information Technology,27928268.28,82,-0.3599290854094256,-0.12590802069326967,-0.09135151172593381,-0.01897701766286075,0.338339313697368,-0.3912310642854723,2,10.829999923706055,0,0.0,,,False,,False
JBH,Jb Hi-Fi Ltd,Consumer Discretionary,27555931.12,82,-0.36698347706026857,0.757772763484923,1.0097797350580868,0.1498195606749797,0.27755719671672524,-0.4036478695314346,3,70.27999877929688,3.37,0.047951053764001154,,,False,,False
REA,Rea Group Ltd,Communication,27497007.0,82,-0.3064533663880319,0.05860232847140301,0.05339053649548897,0.01045710618539153,0.2815831058406516,-0.4413463116733689,3,157.5,2.9699999999999998,0.018857142857142857,,,False,,False
SGH,Sgh,Industrials,26941680.24,82,-0.2369575596154362,0.2549373484620272,0.9692003957363542,0.14513841249223125,0.24354600354481853,-0.29076696645276656,3,37.52000045776367,0.64,0.01705756908826398,,,False,,False
MGR,Mirvac Group Stapled Units,Real Estate,25501682.58,82,-0.14304351067266352,0.005964121023014579,-0.21701163090721642,-0.0477498227428691,0.23319174399287246,-0.33493426528857895,3,1.850000023841858,0.095,0.051351350689561294,,,False,,False
RMS,Ramelius Resources,Materials,25363165.3,82,0.02595399650811747,1.919971265005732,2.2346158408841013,0.26463309167733473,0.4784605335643748,-0.5437014800574963,4,3.9200000762939453,0.06,0.015306122151080497,,,True,,False
WTC,Wisetech Global,Information Technology,25184456.63,82,-0.6382924801747651,-0.49613705991160306,-0.38645209828021587,-0.0930785054577089,0.4746598927426162,-0.7614614742011987,2,32.459999084472656,0.22014,0.0067818855886938294,,,False,,False
FPH,Fisher And Paykel Healthcare Corpo,Health Care,24867409.72,82,0.17213619957320936,0.9498130378874245,0.3120570434351917,0.05582160205113862,0.2468375019624964,-0.47964808603809594,4,37.43000030517578,0.43530599999999997,0.011629868994144954,,,False,,False
DNL,Dyno Nobel,Materials,23126523.48,82,0.3770212328441338,0.5840848380238299,0.9363344188304263,0.14129016044981846,0.24845981980017132,-0.2891891898251032,4,4.099999904632568,0.14100000000000001,0.03439024470236813,,,False,,False
SDF,Steadfast Group Ltd,Financials,22979573.15,82,0.01011266638185937,0.12864787437595537,0.3738813580737672,0.06558928826250643,0.22007296148865305,-0.32716927768239945,4,5.75,0.20950000000000002,0.036434782608695655,,,False,,False
ANN,Ansell,Health Care,22920943.5,82,0.4577551662301502,1.1917299874181895,0.5019518810027483,0.08475385905513333,0.27855987879308075,-0.3428978002080564,3,45.27000045776367,0.9556,0.021108901929249205,,,False,,False
CMM,Capricorn Metals Ltd Def,Materials,22753528.92,82,0.13482718012938122,2.644117481045613,6.0487143608956915,0.47782150604073914,0.42809821376594703,-0.2771085306814044,5,14.899999618530273,0.1,0.006711409567798629,,,False,,False
WHC,Whitehaven Coal,Energy,22718694.6,82,0.18413730303305043,0.1597538278447499,2.0720575065479836,0.251658543864431,0.4265792286399864,-0.420154458447513,3,7.710000038146973,0.1,0.01297016854801911,,,True,,False
AZJ,Aurizon Holdings,Industrials,22300168.14,82,0.23357600235539633,0.24091291326733844,0.2634092121426663,0.047873380222313244,0.16615560255200168,-0.22415882666059284,3,3.7100000381469727,0.23,0.06199460852697935,0.06199460852697935,90%,False,True,False
AMP,Amp Ltd,Financials,22245162.52,82,0.6106639009910173,1.2442222830000396,1.9751092320764387,0.24365689823399794,0.3782815666760007,-0.30305451928801075,5,2.5999999046325684,0.05,0.01923076993614967,,,False,,True
VAU,Vault Minerals,Materials,22049373.15,82,0.4181038456432249,2.5318811482665753,3.4568977288364504,0.3483620904350573,0.5776844759282871,-0.6829267966346813,4,6.0,0.07,0.011666666666666667,,,False,,False
CWY,Cleanaway Waste Management,Industrials,22045355.0,82,-0.03887669952295292,0.1413469836575605,0.04261834740063497,0.008381971839924729,0.20590631773354232,-0.28002260279784297,1,2.5899999141693115,0.0685,0.026447877324339585,,,False,,False
DXS,Dexus Stapled Units,Real Estate,21680071.56,82,-0.15219862142017526,-0.05901384176091917,-0.2848118593242839,-0.06484400816127855,0.21774483409846576,-0.36546798764310506,2,5.739999771118164,0.37,0.06445993288392121,0.06445993288392121,0%,False,True,False
BEN,Bendigo And Adelaide Bank,Financials,21284519.48,82,-0.16016995367781228,0.3741794230449824,0.46829852291553964,0.07984860699376872,0.2547078809672689,-0.2462772249446309,3,10.359999656677246,0.63,0.060810812826036266,,,False,,True
GGP,Greatland Resources Ltd,Materials,19933726.96,14,0.406711383965803,,,,0.6421641465378142,-0.2795076388896083,1,10.479999542236328,0,0.0,,,False,,False
RRL,Regis Resources,Materials,19237804.29,82,0.28729395910486577,4.243379198305911,2.9357750160192686,0.31524316304528166,0.5092272612033539,-0.3838862190482366,3,7.409999847412109,0.35,0.047233469258738926,,,False,,False
CGF,Challenger,Financials,19050892.32,82,0.21528816165616815,0.7787401495265904,0.9461081196954739,0.14243997994062996,0.2524780422396903,-0.20577700283579192,4,10.15999984741211,0.32999999999999996,0.03248031544843531,,,False,,True
HUB,Hub24,Financials,18566004.13,82,-0.3674205781003369,0.9901816199352393,1.267824703568369,0.17793654650927282,0.3455356696262385,-0.44167217893913335,3,63.09000015258789,0.78,0.012363290507426083,,,False,,False
AGL,Agl Energy Ltd,Utilities,18264623.0,82,-0.025991106785652196,-0.10006022452939933,0.7848128323528898,0.12284170749077172,0.27548940897188323,-0.27955297174626825,3,8.170000076293945,0.5,0.06119950983241713,0.06119950983241713,100%,False,True,False
VNT,Ventia Services Group Ltd,Industrials,17998514.17,57,0.25004395023226667,1.4826851812000177,,,0.27169369029926965,-0.21568638571225374,4,6.119999885559082,0.243,0.039705883095421196,,,False,,False
WGX,Westgold Resources,Materials,17979147.4,82,0.21351880068003393,2.262163264560048,2.402687379924592,0.2775102991947689,0.5626304205449103,-0.6769911700179541,4,5.340000152587891,0.1,0.01872659122519643,,,False,,False
MP1,Megaport,Information Technology,17767235.36,82,0.30944825739457404,0.7544603921327138,0.22916669978035964,0.04213062148639213,0.7783832383321365,-0.8069353394517454,3,20.649999618530273,0,0.0,,,False,,False
A2M,The A2 Milk Company,Consumer Staples,16719342.78,82,-0.18168564286070843,0.6952495253020905,0.15190021451174873,0.028686337596915745,0.41866260118475973,-0.44340020029532956,2,6.659999847412109,0.5177,0.07773273451367478,0.02587087146360086,100%,False,True,False
TLX,Telix Pharmaceuticals,Health Care,16649423.31,82,0.07892934772079041,0.37894743798732544,1.606965127705764,0.2112311863667875,0.6036119108043434,-0.659168372597368,3,15.720000267028809,0,0.0,,,False,,False
EDV,Endeavour Group Ltd,Consumer Staples,16362199.26,62,-0.14397310478384517,-0.35637959286425025,-0.48248160646768923,-0.12343291683918223,0.20260336499745638,-0.5728600481625336,1,3.009999990463257,0.12,0.03986710976086458,,,True,,False
DOW,Downer Edi,Industrials,16229764.0,82,-0.036610230730018234,0.850416750680504,0.2800809115970724,0.05062440371064181,0.2907012900953909,-0.48740537834253483,2,6.820000171661377,0.29200000000000004,0.04281524818918997,,,False,,False
IGO,Igo,Materials,16108837.5,82,0.26255311313649154,-0.4463451681769409,-0.1601592479692766,-0.03430632067644257,0.44665466058094055,-0.7148969149796064,2,6.5,0.05,0.007692307692307693,,,False,,False
WOR,Worley,Industrials,15771890.52,82,-0.2748221716246868,-0.37545515783451766,0.17507733518477386,0.0327930100037821,0.24322161655610652,-0.37760000762110546,2,9.720000267028809,0.5,0.051440327804933184,,,False,,False
SEK,Seek,Communication,15707254.54,82,-0.5629886084741325,-0.41654233435394616,-0.5702012652376376,-0.15539620877616367,0.3082338304144288,-0.6156512261979219,3,12.020000457763672,0.52,0.04326122963365896,,,False,,False
REH,Reece,Industrials,15165617.5,82,0.5234065672365567,-0.0555025560739868,-0.056141145660410174,-0.01148921755448229,0.361061132431362,-0.6042349166452554,3,16.959999084472656,0.173,0.010200472248750663,,,True,,False
BOQ,Bank Of Queensland,Financials,15113258.16,82,-0.009865647850184844,0.40540065680512716,-0.03045414068211183,-0.006166409850739907,0.21667551313597527,-0.36262291926558843,2,6.610000133514404,0.55,0.08320726004396857,,,False,,True
PDN,Paladin Energy Ltd,Energy,14993618.1,82,0.1406250143280401,-0.13727274808016687,0.37536226665991257,0.06581890930918566,0.6085783829783028,-0.6792215922397613,4,9.489999771118164,0,0.0,,,False,,False
TWE,Treasury Wine Estates Ltd,Consumer Staples,14739361.85,82,-0.2277227856327012,-0.517802008105156,-0.49506902465897773,-0.12773910500007823,0.2690301861549079,-0.7140100639317262,3,5.460000038146973,0,0.0,,,True,,False
XYZ,Block Cdi,Financials,14611611.8,55,-0.0793995287703454,0.535533390666983,,,0.5443050257508324,-0.672422174042736,2,106.08999633789062,0,0.0,,,False,,False
WAF,West African Resources Ltd,Materials,14343530.76,82,0.20833329194122063,3.770562627660265,2.786941476887868,0.30514185892343626,0.4713203658304961,-0.4558823692688605,4,3.4800000190734863,0.2,0.0574712640528226,,,False,,False
EMR,Emerald Resources,Materials,13654122.21,82,0.3884461786203506,1.5814813581840839,6.26041661039926,0.48659376967171863,0.41942930611930385,-0.27919462777962467,5,6.96999979019165,0,0.0,,,False,,False
PDI,Pdi Gold Limited Ltd,Materials,13458187.8,82,1.243678262725441,4.1368422901861575,3.0666666004392864,0.3238772336112694,0.5273718588065583,-0.411764694882649,4,4.880000114440918,0,0.0,,,False,,False
SGM,Sims,Materials,13312819.68,82,0.8148713980743787,0.8667866145972323,1.0793142359340093,0.1576679909502221,0.37548244012997667,-0.4971122492992637,4,23.90999984741211,0.34,0.014219991726047619,,,False,,False
VEA,Viva Energy Group,Energy,13094480.68,82,0.8397867745288599,0.20656415310068832,0.7265517613374468,0.11541356179254958,0.4034981174135712,-0.5225998989895805,4,3.190000057220459,0.1167,0.03658307144410654,,,False,,False
NWH,Nrw Holdings,Industrials,13081771.32,82,0.7727891313017279,2.3268825150493435,5.513353759239709,0.45465811250770405,0.3853661806536827,-0.28781831370275546,5,8.079999923706055,0.085,0.010519802079529357,,,True,,False
RWC,Reliance Worldwide Corporation,Industrials,12820737.75,82,0.1688244345861034,0.2676731238440955,0.024184688508453123,0.004790813470495259,0.3372561814453755,-0.510802935588835,3,4.739999771118164,0.028206,0.005950633198732458,,,True,,False
AUB,Aub Group Ltd,Financials,12573865.08,82,-0.15437948197015072,0.0009308946405881535,0.295759834998657,0.05318557653666112,0.2764159466584541,-0.3401908088324668,3,26.700000762939453,0.98,0.03670411880138501,,,False,,False
360,Life360 Inc. Cdi,Information Technology,11932345.26,82,-0.6443066540590041,1.2725090610509562,1.1080179588140115,0.16084667370334338,0.7050443512995201,-0.7652892706913823,3,18.93000030517578,0,0.0,,,False,,False
APE,Eagers Automotive,Consumer Discretionary,11780330.7,82,-0.33581359296816293,0.5049740292184852,0.5379709496240714,0.08990746320921628,0.4068686276445573,-0.4407261700649865,2,18.389999389648438,0.75,0.04078303561130992,,,False,,False
MTS,Metcash,Consumer Staples,11767953.19,82,-0.189330634251471,-0.09553440013824765,-0.03231649102032075,-0.006548504217778861,0.20992029274604806,-0.3355725053038239,4,2.9100000858306885,0.18,0.061855668278654775,,,False,,False
MND,Monadelphous Group,Industrials,11451417.92,82,0.4254859163162923,1.469949208804112,3.139148845883259,0.3285631697716429,0.27988474929088575,-0.14568774889168723,4,30.93000030517578,1.08,0.034917555426576395,,,False,,False
NHF,Nib Holdings Ltd,Financials,11277850.36,82,-0.06894784190980885,0.010168491663823831,0.15103908648574715,0.028532488221465258,0.22146370178875652,-0.3112755642424875,3,6.559999942779541,0.33999999999999997,0.05182926874477051,,,False,,True
CSC,Capstone Copper Corp Cdi,Materials,10770804.24,28,0.09243697662660111,,,,0.46874426891779225,-0.37643503501108566,2,14.300000190734863,0,0.0,,,False,,False
NHC,New Hope Corporation Ltd,Energy,10645169.04,82,0.6192529615668507,0.2331929270495121,3.248691399859104,0.3355219722991589,0.36256790196326344,-0.31251432402038526,3,5.949999809265137,0.4,0.06722689291134659,0.06722689291134659,100%,True,True,False
BRG,Breville Group,Consumer Discretionary,10602660.64,82,0.019371720125821446,0.420556240311285,0.10337961090190939,0.019870408415342045,0.31106342782762203,-0.42951985108994906,3,30.18000030517578,0.38,0.01259111981966518,,,False,,False
TPG,Tpg Telecom,Communication,10487874.94,82,-0.1967569404470736,-0.20267282200110615,-0.34068417334375933,-0.07993459730665198,0.24916746581856214,-0.4013325230244976,2,3.8399999141693115,0.19,0.04947916777261225,,,False,,False
CNU,Chorus,Communication,10412784.9,82,-0.1366313011426501,0.13594030970461235,0.37142268633239905,0.06520762332390362,0.1615657352916362,-0.1634011933197712,4,6.809999942779541,0.419346,0.061577974085685744,,,False,,False
PNI,Pinnacle Investment Management Gro,Financials,9842837.55,82,-0.23264589498761445,0.6215217706974432,-0.001565077070437848,-0.0003132115556012671,0.4220313219645626,-0.5832103735979175,3,13.279999732971191,0.6,0.04518072380004178,,,False,,False
DBI,Dalrymple Bay Infrastructure Stapl,Industrials,9842993.52,68,0.34964410531361456,1.406185204975602,2.5330548577789145,0.2871527122370099,0.1502408210591173,-0.10817298628921812,4,5.599999904632568,0.26375000000000004,0.04709821508779211,,,False,,False
ZIP,Zip Co,Financials,9562972.32,82,-0.540723996300952,6.518518113795638,-0.7124645909571277,-0.2206397225198522,1.127095357117592,-0.9617563721080519,2,2.0299999713897705,0,0.0,,,False,,False
ILU,Iluka Resources,Materials,9156694.13,82,-0.038844922962891104,-0.18792201453065382,-0.23580102998461427,-0.052364570142383826,0.38434047590176135,-0.6651771057680047,1,6.03000020980835,0.06,0.009950248410009088,,,False,,False
NEU,Neuren Pharmaceuticals,Health Care,9127867.98,82,0.038437602804657134,0.8534138225781418,8.761313632625539,0.5772540578060465,0.7943567670681954,-0.5330396304595988,5,20.350000381469727,0.15,0.007371007232834589,,,False,,False
RGN,Region Group Stapled Units Ltd,Real Estate,8991818.07,82,-0.010843571370179661,0.32504436093863087,0.10923802294139007,0.020951119338666224,0.19901501533141872,-0.300712418585534,2,2.2300000190734863,0.14100000000000001,0.06322869901076605,,,False,,False
SRG,Srg Ltd,Industrials,8864815.47,82,1.1070318724499177,5.825064265103774,8.744336997431596,0.5767050514979799,0.3676613317407858,-0.1762089122631455,5,4.0,0.07,0.0175,,,False,,False
YAL,Yancoal Australia Ltd,Energy,8627941.7,82,0.1677432226642277,0.4005062291904571,3.0494760238596266,0.32275607987912047,0.4416868091595651,-0.3377563640890734,4,6.019999980926514,0.192,0.031893687808691666,,,True,,False
AIA,Auckland International Airport,Industrials,8571031.95,82,0.014715577878561259,-0.023799362972831806,-0.046084970122457714,-0.009391755117665435,0.17275716120618723,-0.17693149346348447,3,6.789999961853027,0.118346,0.017429455178922085,,,False,,False
RSG,Resolute Mining,Materials,8540594.49,82,0.12135922667195653,2.3478260155962034,2.106299849707972,0.25443647995252494,0.7335766604650482,-0.5748130093521657,4,1.1549999713897705,0,0.0,,,False,,False
EOS,Electro Optic Systems Holdings,Industrials,8352161.28,82,0.10176124605477921,10.489795928297317,2.2827988366563763,0.2683784485418832,1.0856681241468458,-0.867346937534264,4,11.260000228881836,0,0.0,,,False,,False
AAI,Alcoa Corporation Cdi Corp,Materials,8332888.5,25,0.20887742438438428,,,,0.47268806619973397,-0.4486249963315998,1,60.810001373291016,0.57512004,0.00945765543515683,,,False,,False
BGL,Bellevue Gold,Materials,8029786.03,82,0.41484718930518794,0.16967510174964806,0.9171597040449615,0.13902080918002047,0.5411105583610154,-0.5867347007044053,2,1.6200000047683716,0,0.0,,,False,,False
HVN,Harvey Norman Holdings Ltd,Consumer Discretionary,7943486.64,82,-0.39382758812997065,0.27555347680404485,0.13371116393713178,0.025416932673052006,0.26036196933526345,-0.39382758812997065,3,4.260000228881836,0.29,0.06807511371334342,0.06807511371334342,100%,False,True,False
OBM,Ora Banda Mining Ltd,Materials,7856687.41,82,0.26271192861747417,12.545454705549666,16.094802253715013,0.7643015525043739,0.7898460524685474,-0.6902284094842173,4,1.4900000095367432,0,0.0,,,False,,False
SUL,Super Retail Group,Consumer Discretionary,7857187.8,82,-0.17143239628624762,0.27756704969399637,0.45667946278155447,0.07813414226515492,0.30694459409732455,-0.3398369762413017,2,12.850000381469727,0.65,0.05058365608590401,,,True,,False
DTL,Data#3 Ltd,Information Technology,7823632.39,82,0.2554963426329917,0.7366286160604112,1.727075751005271,0.2221920103166597,0.34518286937782355,-0.32609716165864466,5,11.109999656677246,0.3175,0.028577858668895513,,,False,,False
NWL,Netwealth Group Ltd,Financials,7732330.76,82,-0.413850563322104,0.17063380732475597,0.2527274015151548,0.04609545549104421,0.330165121331318,-0.5379700307489247,3,16.899999618530273,0.42,0.024852071566882423,,,False,,False
SRL,Sunrise Energy Metals,Materials,7685247.06,82,3.2317756622844884,28.40259733825776,13.238993027906144,0.7009668723550224,1.3191844256644423,-0.9292168662261333,3,22.639999389648438,0,0.0,,,False,,False
ALK,Alkane Resources Ltd,Materials,7646982.12,82,0.6460572914803491,2.089730380496059,1.2173357707166481,0.17264428856944192,0.560261099991698,-0.628820922564123,2,1.8650000095367432,0.02,0.010723860534975494,,,False,,False
PRN,Perenti Ltd,Materials,7640720.64,82,-0.16163149462938164,1.3699458659054335,2.1984636826197197,0.261793496842639,0.4218910031216008,-0.43627443037582736,4,2.2799999713897705,0.07500000000000001,0.03289473725487982,,,False,,False
CLW,Charter Hall Long Wale Reit Staple,Real Estate,7629349.0,82,-0.19522293526921985,0.25369343211409867,-0.06670182413591952,-0.013711240955352588,0.2132007975191403,-0.3751410964709725,2,3.299999952316284,0.255,0.07727272838928813,0.07727272838928813,0%,False,True,False
BWP,Bwp Group Stapled Units Trust,Real Estate,7595661.65,82,0.01609692785920913,0.2533862484809446,0.1505537015695908,0.028445728633173628,0.14202724999882357,-0.20333705034654515,3,3.5999999046325684,0.193782,0.053828334759297235,,,False,,False
4DX,4Dmedical,Health Care,7577253.39,72,1.1464646257875941,8.444444694636788,1.9010238246879747,0.23740042000073291,1.74519508340232,-0.836177481796986,3,4.25,0,0.0,,,False,,False
HDN,Homeco Daily Needs Units,Real Estate,7348324.17,69,-0.14479848286330288,0.14914680289627658,-0.03915551035169573,-0.007956717303319483,0.21553200307818524,-0.25949196788974516,3,1.0800000429153442,0.086,0.07962962646543256,0.07962962646543256,0%,False,True,False
TAH,Tabcorp Holdings,Consumer Discretionary,7115799.6,82,-0.09973630506449915,0.027677945685501637,0.7326184672457212,0.11619632374460376,0.4220475342606605,-0.6096088507725496,3,0.8949999809265137,0.03,0.0335195537869662,,,False,,False
LTR,Liontown Ltd,Materials,6939769.06,82,-0.055837569902329465,-0.6836734731114937,-0.35416668736272305,-0.08372868952939372,0.8007664356947097,-0.8214285830135362,3,0.9300000071525574,0,0.0,,,False,,False
INA,Ingenia Communities Group Stapled,Real Estate,6885166.3,82,-0.08960295783946837,0.22598943243755265,-0.17469726059798296,-0.03767303020416313,0.3165976471563291,-0.41988749452283025,3,4.840000152587891,0.096,0.01983471011848418,,,False,,False
NIC,Nickel Industries,Materials,6706042.2,82,0.12676061422336438,0.16021989745944554,0.00240582961650726,0.0004807035492855327,0.40694205889933144,-0.5696437320736474,2,0.800000011920929,0,0.0,,,True,,False
MSB,Mesoblast,Health Care,6623836.91,82,-0.10970464262361046,4.706141618840689,0.32463795209634894,0.05783866967549178,0.8600049437581595,-0.8355927505175951,2,2.109999895095825,0,0.0,,,False,,False
PPT,Perpetual,Financials,6609032.16,82,-0.015818035221578985,-0.013633573072698413,-0.3809374338991073,-0.09145402502714706,0.27912432214489113,-0.46084806600665773,1,17.209999084472656,1.22,0.07088902178389528,,,False,,False
IMD,Imdex Ltd,Materials,6411265.82,82,0.006482962609999587,1.227657174832426,0.5725966445658845,0.0947714646212654,0.33478476471258145,-0.4448185838032527,3,3.359999895095825,0.0344,0.01023809555774374,,,False,,False
LLC,Lendlease Group Stapled Units,Real Estate,6411462.54,82,-0.49156956518014183,-0.5841165097878387,-0.7148365178595983,-0.22192980063284462,0.3103865223494596,-0.7517522748570593,1,2.6600000858306885,0.157524,0.0592195469613329,,,True,,False
NWS,News Corporation Class B Voting Cd,Communication,6347985.8,82,-0.12519889861642675,0.4169059877217176,0.40980096779580144,0.07110380196028787,0.22971632201692832,-0.3168074742407414,3,45.25,0.28756002,0.006354917569060774,,,False,,False
ALX,Atlas Arteria Stapled Units,Industrials,6318586.8,82,-0.11866425097078592,-0.08234043691615,-0.05096904546767356,-0.010408228159630717,0.17677111155935857,-0.2583055890917856,2,3.950000047683716,0.4,0.10126582156234668,0.10126582156234668,0%,False,True,False
CQR,Charter Hall Retail Units,Real Estate,6309098.48,82,-0.07832022771074543,0.4198239526249974,0.26624920031125954,0.04834405524209617,0.19176769483831677,-0.24537761776290212,2,3.559999942779541,0.2575,0.07233146183675265,,,False,,False
FLT,Flight Centre Travel Group Ltd,Consumer Discretionary,6087829.92,82,-0.07042612299492268,-0.4163964938496316,-0.46816104944275017,-0.11863453735532437,0.3676126180748299,-0.5322431855413038,2,10.350000381469727,0.42,0.04057970864928209,,,False,,False
BGA,Bega Cheese,Consumer Staples,6081999.84,82,0.2379658922225214,1.6507780378214618,0.3029035302837346,0.05434429434603327,0.2984439479459076,-0.5336219740411101,3,6.28000020980835,0.14500000000000002,0.0230891712031368,,,False,,False
MI6,Minerals 260 Ltd,Materials,6081183.62,58,2.5,0.9021738785370093,,,0.8810619501372147,-0.8607594982073715,3,0.875,0,0.0,,,False,,False
ORA,Orora,Materials,6052120.62,82,-0.2921297880183843,-0.4165925736491549,-0.3910671325867785,-0.09444698018912834,0.29769839215598337,-0.5797791109081505,3,1.399999976158142,0.09,0.06428571538049349,,,False,,False
NXG,Nexgen Energy (Canada) Cdi,Energy,5947416.44,61,-0.06453954646734894,0.3176710591210863,1.0031055130297601,0.14905486340831398,0.44125743607698426,-0.44742901329105844,2,12.899999618530273,0,0.0,,,False,,False
DRR,Deterra Royalties,Materials,5873846.56,70,0.08161193472137396,0.014228919175851118,0.4757513907425033,0.08094261863784435,0.19662845616431932,-0.2903952940110599,4,4.079999923706055,0.23199999999999998,0.05686274616134393,,,False,,False
MFG,Magellan Financial Group Ltd,Financials,5863246.0,82,-0.06403632356562339,0.1220643645925703,-0.6352069415157728,-0.18264765466251354,0.40989864440584495,-0.7711543938443501,2,8.369999885559082,0.65,0.07765830452655767,0.07765830452655767,100%,False,True,False
LOV,Lovisa Holdings,Consumer Discretionary,5804228.3,82,-0.3189402917290671,0.3880991467498385,0.5114410929620439,0.08612108583473455,0.45307713000662314,-0.49398718855201873,3,24.489999771118164,0.8600000000000001,0.03511637435841161,,,False,,False
DRO,Droneshield,Industrials,5645353.74,82,-0.6351931108693498,5.1818182212262105,8.714286152197397,0.5757313602938932,0.8692708259279345,-0.636266071254618,3,1.7000000476837158,0,0.0,,,False,,False
DMP,Dominos Pizza Enterprises,Consumer Discretionary,5493197.92,82,0.5674148619265604,-0.5766808063663966,-0.853439626722892,-0.31891186839943153,0.44522365301570366,-0.9064954806559854,2,20.530000686645508,0.575,0.028007792536218948,,,True,,False
SIQ,Smartgroup Corporation Ltd,Industrials,5475285.75,82,0.5092567754973538,0.6253451570652524,0.6511081020538951,0.1054907211200089,0.3337146205425537,-0.4481899320607814,4,11.369999885559082,0.55,0.04837291165662625,,,False,,False
IFT,Infratil Ltd,Financials,5453568.36,82,0.07695835205028811,0.26464821165255326,0.6420488676385725,0.10427493737415006,0.20586695023646848,-0.19776435095087452,4,11.399999618530273,0.155901,0.013675526773403463,,,False,,False
CIP,Centuria Industr Units,Real Estate,5347549.2,82,-0.1392305204835036,0.10488646826029191,-0.011426443540506925,-0.0022958059849860213,0.21737698419545298,-0.35594979480113154,3,2.8399999141693115,0.16925,0.05959507222362186,,,False,,False
CYL,Catalyst Metals Ltd,Materials,5256210.75,82,-0.25822784015525335,9.371681696004284,2.1170213555199577,0.2553012334225675,0.7022592805675396,-0.7772727277653276,2,5.860000133514404,0,0.0,,,False,,False
HLI,Helia Group Ltd,Financials,5087897.7,82,0.1617685403357918,1.7420062137744359,4.757634100032699,0.4192170250922269,0.3450449399656307,-0.2561276124817041,5,5.320000171661377,1.26,0.23684209762093222,,,False,,True
SSM,Service Stream,Industrials,5051446.88,82,0.06652467455975097,1.813128248186684,2.03481386560311,0.2486088588765547,0.34006075837976046,-0.4013792192037301,4,2.390000104904175,0.065,0.02719665152592373,,,False,,False
FBU,Fletcher Building,Industrials,4958522.16,82,-0.027397315080268658,-0.3441108627691267,-0.5240489127720367,-0.13798968117120236,0.2715934900466757,-0.6162225336141455,2,2.8399999141693115,0,0.0,,,False,,False
ELD,Elders,Consumer Staples,4925292.12,82,-0.08185251476787314,0.3161450399718593,-0.3128395401827372,-0.07229129376433385,0.3136993068692626,-0.5610668561619069,2,6.480000019073486,0.36,0.05555555539203115,,,False,,False
ARB,Arb Corporation,Consumer Discretionary,4868062.08,82,-0.5120870229195787,-0.3680498007129104,-0.5801534809427191,-0.1593443980613677,0.3294860565172729,-0.6186915874991481,2,18.34000015258789,0.69,0.03762268234783175,,,True,,False
WPR,Waypoint Reit Stapled Unit Ltd,Real Estate,4863782.56,82,-0.13300387748133724,0.18806177345406705,0.1081670143481086,0.020753890259026297,0.20091177105442737,-0.1987613728109725,3,2.180000066757202,0.17020000000000002,0.07807339210460496,,,False,,False
BPT,Beach Energy,Energy,4818256.44,82,-0.21047715906395703,-0.39174762575438715,-0.30635015707225854,-0.07054566257270822,0.3155047105341993,-0.48745909560850353,3,0.875,0.03,0.03428571428571429,,,True,,False
CIA,Champion Iron Ltd,Materials,4687015.84,82,-0.32324902760426244,-0.4599270663895856,-0.2430822515205494,-0.05417728958837842,0.3768894149007623,-0.6067832517128432,3,3.0799999237060547,0.1305,0.042370130919670276,,,True,,False
SLC,Superloop,Communication,4548538.24,82,-0.2441176878952226,2.864661429046857,1.6358973029724195,0.2139077864298229,0.454767712216516,-0.5658914581828586,3,2.569999933242798,0,0.0,,,False,,False
KCN,Kingsgate Consolidated,Materials,4525140.54,82,0.305180630759855,3.1420605400665016,2.1720845025308666,0.2597052798368471,0.59745712487271,-0.4174312664671618,3,4.929999828338623,0.1,0.020283976365512234,,,False,,False
ASB,Austal Ltd,Industrials,4480705.5,82,-0.4198966532437619,1.3882977566523698,1.5713722000671502,0.2079055837140078,0.4273679174880106,-0.5353925477532163,3,4.489999771118164,0,0.0,,,False,,False
CNI,Centuria Capital Stapled Units,Real Estate,4461039.6,82,-0.39733712876471594,0.09958123730062463,-0.5098633430185107,-0.13291147893484612,0.405279368212215,-0.6400398825930748,2,1.2649999856948853,0.104,0.0822134396648796,0.0822134396648796,12%,False,True,False
FFM,Firefly Metals Ltd,Materials,4441088.4,82,0.2509362616967974,2.479173783538082,0.4844456646776536,0.08221328552648988,0.5764667969927078,-0.7073176345871609,3,1.6699999570846558,0,0.0,,,False,,False
PMV,Premier Investments,Consumer Discretionary,4257727.04,82,-0.3255232319832756,-0.44642586127075834,-0.4955420445662392,-0.1279025932720299,0.3068648860504382,-0.6430840176133185,2,12.140000343322754,0.95,0.0782537045414928,0.0782537045414928,100%,False,True,False
ABB,Aussie Broadband,Communication,4137888.6,70,-0.2476195366421593,0.0863131549528573,-0.08696371392013713,-0.0180313846601714,0.38594990078765307,-0.5899280270529811,2,4.289999961853027,0.06,0.013986014110378578,,,False,,False
DVP,Develop Global,Materials,4105934.55,82,0.06382978243712945,0.3043478080590869,0.7351156793244416,0.11651789175396421,0.5135923632726607,-0.4948885845402021,3,4.5,0,0.0,,,False,,False
NCK,Nick Scali,Consumer Discretionary,4098455.6,82,-0.3581939476630216,0.4401934384574122,0.6459745401306496,0.10480243472759532,0.3803929723334652,-0.4463369751737769,3,14.069999694824219,1.11,0.07889125970687291,0.07889125970687291,100%,False,True,False
DYL,Deep Yellow,Energy,4012963.89,82,-0.40306125800344395,-0.11026623104663036,0.25806446030782526,0.046985287205353776,0.7017164383403499,-0.5880281716744784,3,1.1699999570846558,0,0.0,,,False,,False
SLX,Silex Systems,Industrials,3855357.0,82,-0.359208534528489,0.202857153756278,2.2384616865914304,0.26493366971083665,0.7076939337938366,-0.5928433292050488,4,4.210000038146973,0,0.0,,,False,,False
KAR,Karoon Energy Ltd,Energy,3722671.25,82,-0.019274793203443163,-0.3345393530522017,0.12978572346131068,0.02470585215422938,0.3704889476612829,-0.47769552210389576,3,1.5800000429153442,0.043,0.02721518913420936,,,True,,False
IRE,Iress Ltd,Information Technology,3699667.84,82,-0.3525939802312442,0.005493717104060103,-0.45169200572144497,-0.11324240759957083,0.38926775799609886,-0.5691111883810822,1,5.480000019073486,0.27,0.04927007282121313,,,False,,False
JDO,Judo Capital Holdings Ltd,Financials,3678570.7,58,-0.47578346484959555,-0.07999998331069946,,,0.4259827161632741,-0.6326086755961682,2,0.9200000166893005,0,0.0,,,False,,True
ELS,Elsight Ltd,Information Technology,3492279.0,82,1.8955224135533353,11.278480437718391,9.543477862284638,0.6017575439269367,0.8094214878615743,-0.4,4,4.849999904632568,0,0.0,,,False,,False
ELV,Elevra Lithium Ltd,Materials,3406036.4,82,0.5694445125114789,-0.5949820387904154,-0.7843755413855101,-0.26423418747812777,0.9247762078358018,-0.953125019868215,2,5.650000095367432,0,0.0,,,False,,False
ARF,Arena Reit Stapled Units,Real Estate,3349006.15,82,-0.4171393436927672,-0.261162507415858,-0.3598311644656895,-0.08534164539736355,0.25869811666386777,-0.4587221594418971,2,2.119999885559082,0.189375,0.08932783501073557,0.08932783501073557,0%,False,True,False
PXA,Pexa Group Ltd,Real Estate,3206737.44,62,-0.5724314118287018,-0.41331000310821,-0.5931997517551488,-0.16463506433944364,0.3208643647160282,-0.6633165860452429,2,6.699999809265137,0,0.0,,,False,,False
GDG,Generation Development Group Ltd,Financials,3197861.0,82,-0.6026878380275703,0.7831169070083852,1.3781542769757702,0.1891811185631982,0.3810781719602481,-0.6137859466780298,4,2.75,0.02,0.007272727272727273,,,False,,True
NEC,Nine Entertainment Co Holdings,Communication,3117372.67,82,-0.3807740651149376,-0.4229598138282733,-0.4974866691322912,-0.1285759984930629,0.29818875917356175,-0.564568798465285,2,0.6899999976158142,0.075,0.10869565254949366,0.10869565254949366,0%,True,True,False
WBT,Weebit Nano Ltd,Information Technology,3053112.96,82,0.22012579653733755,0.22012579653733755,0.5267302329717967,0.08830960261596088,0.8951654797288552,-0.7873036612044471,3,3.880000114440918,0,0.0,,,False,,False
IPX,Iperionx,Materials,2642516.25,82,-0.6671087528962798,0.6733333269755046,1.145299215837189,0.16492395177758068,0.7437803550722828,-0.6671087528962798,3,2.509999990463257,0,0.0,,,False,,False
VUL,Vulcan Energy Resources,Materials,2354878.5,82,-0.690833330154419,-0.35813150458864995,-0.8576362197169058,-0.3228577654978566,0.6933244256187618,-0.8576362197169058,2,1.8550000190734863,0,0.0,,,False,,False
